{
  "episode": 200,
  "rewards": [
    -7.159999999999998,
    -10.219999999999997,
    -5.3399999999999945,
    -12.219999999999997,
    -6.189999999999998,
    -5.509999999999991,
    13.279999999999951,
    -3.2900000000000027,
    -6.509999999999991,
    -9.189999999999998,
    -10.129999999999999,
    -8.329999999999995,
    -11.289999999999996,
    -0.4599999999999973,
    -11.219999999999997,
    -11.239999999999997,
    -10.409999999999993,
    -0.41000000000001435,
    -5.3399999999999945,
    1.6099999999999781,
    -7.229999999999997,
    -8.299999999999995,
    -12.169999999999998,
    -1.5900000000000425,
    -2.3900000000000077,
    -5.299999999999995,
    -8.279999999999996,
    -12.329999999999995,
    -10.229999999999997,
    -11.389999999999993,
    -8.419999999999993,
    -13.47999999999999,
    3.549999999999983,
    -12.419999999999991,
    0.5899999999999785,
    -14.289999999999996,
    -6.419999999999993,
    -11.219999999999997,
    -8.279999999999996,
    -7.3399999999999945,
    -12.359999999999992,
    -6.2499999999999964,
    -4.279999999999996,
    -12.339999999999993,
    -1.2700000000000031,
    -8.279999999999996,
    3.4499999999999886,
    -12.349999999999994,
    -6.379999999999994,
    -3.4199999999999946,
    3.6399999999999864,
    -8.349999999999994,
    -6.219999999999997,
    -8.229999999999997,
    1.6599999999999895,
    -9.129999999999999,
    12.46999999999997,
    -0.390000000000029,
    -5.289999999999996,
    -7.259999999999996,
    -14.249999999999996,
    -6.219999999999997,
    -13.309999999999995,
    -2.330000000000023,
    -15.239999999999995,
    -10.219999999999997,
    6.399999999999988,
    -10.259999999999996,
    4.539999999999978,
    8.439999999999973,
    14.809999999999981,
    0.6599999999999824,
    -9.199999999999998,
    -1.3000000000000114,
    -11.429999999999993,
    -1.330000000000016,
    -7.359999999999994,
    -9.289999999999996,
    -5.459999999999992,
    -7.1999999999999975,
    -5.319999999999995,
    -1.2500000000000036,
    -6.189999999999998,
    -8.219999999999997,
    -2.5100000000000193,
    -3.3400000000000034,
    14.12999999999996,
    -3.3999999999999986,
    -10.199999999999998,
    -12.179999999999996,
    1.6999999999999886,
    -5.149999999999999,
    -10.279999999999996,
    -9.239999999999997,
    -0.2700000000000067,
    -7.149999999999999,
    -5.229999999999997,
    -6.159999999999998,
    3.5299999999999763,
    -11.249999999999996,
    -6.209999999999997,
    -0.2400000000000091,
    -10.239999999999997,
    -10.269999999999996,
    -2.4000000000000092,
    -14.199999999999996,
    -4.299999999999995,
    -1.3700000000000152,
    -2.210000000000001,
    -8.449999999999992,
    -7.319999999999995,
    -13.179999999999998,
    -10.259999999999996,
    -12.219999999999995,
    -7.149999999999999,
    -14.279999999999994,
    -12.349999999999994,
    -9.359999999999994,
    -9.249999999999996,
    10.329999999999945,
    -2.289999999999999,
    -9.359999999999994,
    -1.380000000000006,
    -8.219999999999997,
    -0.31000000000001293,
    -5.169999999999998,
    -2.3000000000000007,
    -9.209999999999997,
    -1.3000000000000185,
    -2.460000000000008,
    -7.259999999999996,
    -7.299999999999995,
    -7.299999999999995,
    -3.3000000000000043,
    -4.289999999999996,
    -6.439999999999992,
    -9.339999999999995,
    -1.4000000000000021,
    -12.239999999999995,
    -3.269999999999996,
    -12.47999999999999,
    -5.159999999999998,
    -6.289999999999996,
    -1.340000000000007,
    -2.2399999999999984,
    6.50999999999998,
    14.820000000000007,
    -2.610000000000035,
    -1.2800000000000082,
    -4.729999999999986,
    -4.369999999999994,
    -16.219999999999995,
    -7.229999999999997,
    -5.2499999999999964,
    -2.6400000000000574,
    -2.3000000000000043,
    -7.289999999999996,
    -5.179999999999998,
    -9.249999999999996,
    -5.269999999999996,
    -10.169999999999998,
    -5.229999999999997,
    -6.269999999999996,
    -5.1999999999999975,
    -11.149999999999999,
    10.129999999999928,
    -8.179999999999998,
    4.589999999999975,
    -9.279999999999996,
    -12.219999999999995,
    -8.209999999999997,
    8.549999999999976,
    4.389999999999944,
    -0.29000000000000625,
    -4.189999999999998,
    -0.34000000000001407,
    -8.329999999999995,
    2.6499999999999844,
    0.5699999999999967,
    -8.219999999999997,
    -9.199999999999998,
    -3.5000000000000107,
    -8.219999999999997,
    -3.2399999999999984,
    8.559999999999963,
    -10.129999999999999,
    -11.179999999999998,
    -7.259999999999996,
    -1.3300000000000232,
    -6.209999999999997,
    -6.239999999999997,
    -7.1999999999999975,
    -0.360000000000003,
    0.39999999999994884,
    1.5599999999999667,
    -8.179999999999998,
    -2.500000000000025,
    -1.5199999999999996,
    -1.2300000000000004,
    9.95999999999993
  ],
  "scores": [
    13,
    10,
    15,
    8,
    15,
    15,
    34,
    17,
    14,
    11,
    11,
    12,
    10,
    20,
    9,
    9,
    11,
    20,
    15,
    22,
    14,
    12,
    9,
    19,
    18,
    15,
    12,
    9,
    11,
    9,
    12,
    7,
    24,
    8,
    21,
    7,
    14,
    9,
    12,
    13,
    8,
    15,
    16,
    8,
    19,
    12,
    24,
    9,
    14,
    17,
    24,
    12,
    14,
    13,
    22,
    12,
    33,
    20,
    15,
    13,
    6,
    14,
    8,
    18,
    5,
    10,
    27,
    10,
    25,
    29,
    36,
    21,
    11,
    19,
    9,
    19,
    13,
    11,
    15,
    13,
    15,
    20,
    15,
    12,
    18,
    17,
    35,
    17,
    10,
    8,
    22,
    16,
    10,
    11,
    21,
    13,
    15,
    14,
    24,
    9,
    15,
    20,
    10,
    11,
    18,
    6,
    16,
    19,
    18,
    12,
    13,
    7,
    10,
    8,
    13,
    6,
    8,
    11,
    11,
    31,
    18,
    11,
    19,
    12,
    20,
    15,
    18,
    12,
    19,
    18,
    13,
    13,
    13,
    17,
    16,
    14,
    11,
    19,
    8,
    17,
    8,
    15,
    14,
    19,
    18,
    28,
    36,
    18,
    19,
    16,
    16,
    4,
    13,
    16,
    18,
    18,
    13,
    15,
    11,
    15,
    11,
    15,
    14,
    15,
    9,
    31,
    12,
    25,
    11,
    8,
    12,
    29,
    25,
    20,
    17,
    20,
    12,
    23,
    21,
    12,
    11,
    17,
    12,
    17,
    29,
    11,
    9,
    13,
    19,
    14,
    14,
    13,
    20,
    21,
    22,
    12,
    18,
    19,
    20,
    31
  ],
  "mean_reward_last_50": -3.968400000000009,
  "mean_score_last_50": 16.46,
  "q_table_size": 382
}