{
  "episode": 300,
  "rewards": [
    -7.159999999999998,
    -10.219999999999997,
    -5.3399999999999945,
    -12.219999999999997,
    -6.189999999999998,
    -5.509999999999991,
    13.279999999999951,
    -3.2900000000000027,
    -6.509999999999991,
    -9.189999999999998,
    -10.129999999999999,
    -8.329999999999995,
    -11.289999999999996,
    -0.4599999999999973,
    -11.219999999999997,
    -11.239999999999997,
    -10.409999999999993,
    -0.41000000000001435,
    -5.3399999999999945,
    1.6099999999999781,
    -7.229999999999997,
    -8.299999999999995,
    -12.169999999999998,
    -1.5900000000000425,
    -2.3900000000000077,
    -5.299999999999995,
    -8.279999999999996,
    -12.329999999999995,
    -10.229999999999997,
    -11.389999999999993,
    -8.419999999999993,
    -13.47999999999999,
    3.549999999999983,
    -12.419999999999991,
    0.5899999999999785,
    -14.289999999999996,
    -6.419999999999993,
    -11.219999999999997,
    -8.279999999999996,
    -7.3399999999999945,
    -12.359999999999992,
    -6.2499999999999964,
    -4.279999999999996,
    -12.339999999999993,
    -1.2700000000000031,
    -8.279999999999996,
    3.4499999999999886,
    -12.349999999999994,
    -6.379999999999994,
    -3.4199999999999946,
    3.6399999999999864,
    -8.349999999999994,
    -6.219999999999997,
    -8.229999999999997,
    1.6599999999999895,
    -9.129999999999999,
    12.46999999999997,
    -0.390000000000029,
    -5.289999999999996,
    -7.259999999999996,
    -14.249999999999996,
    -6.219999999999997,
    -13.309999999999995,
    -2.330000000000023,
    -15.239999999999995,
    -10.219999999999997,
    6.399999999999988,
    -10.259999999999996,
    4.539999999999978,
    8.439999999999973,
    14.809999999999981,
    0.6599999999999824,
    -9.199999999999998,
    -1.3000000000000114,
    -11.429999999999993,
    -1.330000000000016,
    -7.359999999999994,
    -9.289999999999996,
    -5.459999999999992,
    -7.1999999999999975,
    -5.319999999999995,
    -1.2500000000000036,
    -6.189999999999998,
    -8.219999999999997,
    -2.5100000000000193,
    -3.3400000000000034,
    14.12999999999996,
    -3.3999999999999986,
    -10.199999999999998,
    -12.179999999999996,
    1.6999999999999886,
    -5.149999999999999,
    -10.279999999999996,
    -9.239999999999997,
    -0.2700000000000067,
    -7.149999999999999,
    -5.229999999999997,
    -6.159999999999998,
    3.5299999999999763,
    -11.249999999999996,
    -6.209999999999997,
    -0.2400000000000091,
    -10.239999999999997,
    -10.269999999999996,
    -2.4000000000000092,
    -14.199999999999996,
    -4.299999999999995,
    -1.3700000000000152,
    -2.210000000000001,
    -8.449999999999992,
    -7.319999999999995,
    -13.179999999999998,
    -10.259999999999996,
    -12.219999999999995,
    -7.149999999999999,
    -14.279999999999994,
    -12.349999999999994,
    -9.359999999999994,
    -9.249999999999996,
    10.329999999999945,
    -2.289999999999999,
    -9.359999999999994,
    -1.380000000000006,
    -8.219999999999997,
    -0.31000000000001293,
    -5.169999999999998,
    -2.3000000000000007,
    -9.209999999999997,
    -1.3000000000000185,
    -2.460000000000008,
    -7.259999999999996,
    -7.299999999999995,
    -7.299999999999995,
    -3.3000000000000043,
    -4.289999999999996,
    -6.439999999999992,
    -9.339999999999995,
    -1.4000000000000021,
    -12.239999999999995,
    -3.269999999999996,
    -12.47999999999999,
    -5.159999999999998,
    -6.289999999999996,
    -1.340000000000007,
    -2.2399999999999984,
    6.50999999999998,
    14.820000000000007,
    -2.610000000000035,
    -1.2800000000000082,
    -4.729999999999986,
    -4.369999999999994,
    -16.219999999999995,
    -7.229999999999997,
    -5.2499999999999964,
    -2.6400000000000574,
    -2.3000000000000043,
    -7.289999999999996,
    -5.179999999999998,
    -9.249999999999996,
    -5.269999999999996,
    -10.169999999999998,
    -5.229999999999997,
    -6.269999999999996,
    -5.1999999999999975,
    -11.149999999999999,
    10.129999999999928,
    -8.179999999999998,
    4.589999999999975,
    -9.279999999999996,
    -12.219999999999995,
    -8.209999999999997,
    8.549999999999976,
    4.389999999999944,
    -0.29000000000000625,
    -4.189999999999998,
    -0.34000000000001407,
    -8.329999999999995,
    2.6499999999999844,
    0.5699999999999967,
    -8.219999999999997,
    -9.199999999999998,
    -3.5000000000000107,
    -8.219999999999997,
    -3.2399999999999984,
    8.559999999999963,
    -10.129999999999999,
    -11.179999999999998,
    -7.259999999999996,
    -1.3300000000000232,
    -6.209999999999997,
    -6.239999999999997,
    -7.1999999999999975,
    -0.360000000000003,
    0.39999999999994884,
    1.5599999999999667,
    -8.179999999999998,
    -2.500000000000025,
    -1.5199999999999996,
    -1.2300000000000004,
    9.95999999999993,
    3.6399999999999864,
    2.4799999999999613,
    -7.289999999999996,
    -1.4900000000000269,
    -7.299999999999995,
    -7.129999999999999,
    -3.2700000000000067,
    -8.159999999999998,
    7.389999999999947,
    -10.269999999999996,
    8.42999999999994,
    -12.229999999999997,
    -2.5900000000000496,
    -9.159999999999998,
    -11.169999999999998,
    4.509999999999973,
    -2.289999999999999,
    -12.289999999999996,
    0.7499999999999893,
    -8.249999999999996,
    -3.3600000000000207,
    -3.3000000000000043,
    7.479999999999947,
    -5.209999999999997,
    2.439999999999987,
    -3.580000000000034,
    3.3199999999999363,
    6.309999999999938,
    -9.249999999999996,
    5.239999999999917,
    -4.219999999999997,
    -6.169999999999998,
    -8.169999999999998,
    -0.2900000000000098,
    3.6299999999999812,
    0.5199999999999676,
    0.26999999999994273,
    -10.229999999999997,
    -6.409999999999993,
    -11.209999999999997,
    -9.249999999999996,
    20.080000000000034,
    -6.1999999999999975,
    7.809999999999864,
    -4.579999999999989,
    -2.530000000000026,
    -6.5299999999999905,
    -0.6100000000000207,
    -7.159999999999998,
    -0.600000000000037,
    8.569999999999983,
    8.289999999999921,
    5.529999999999966,
    -1.3700000000000223,
    -6.269999999999996,
    -4.369999999999994,
    1.6799999999999855,
    1.5999999999999872,
    -7.149999999999999,
    7.689999999999827,
    -11.379999999999994,
    -0.25000000000001066,
    -4.359999999999994,
    0.7099999999999831,
    1.2699999999999605,
    19.400000000000013,
    -2.3700000000000117,
    -8.12,
    -5.149999999999999,
    -7.209999999999997,
    1.6499999999999844,
    -7.209999999999997,
    -6.269999999999996,
    -2.259999999999998,
    -4.259999999999996,
    8.329999999999963,
    -8.229999999999997,
    -6.149999999999999,
    0.30999999999994543,
    4.509999999999966,
    -4.2499999999999964,
    -1.2300000000000075,
    9.529999999999955,
    4.389999999999951,
    -3.299999999999997,
    -6.589999999999989,
    1.049999999999912,
    -10.189999999999998,
    4.569999999999972,
    -7.469999999999992,
    -11.249999999999996,
    -0.44000000000003325,
    -7.189999999999998,
    9.369999999999944,
    -8.249999999999996,
    -1.2300000000000075,
    -5.1999999999999975,
    -1.330000000000016,
    -2.3000000000000114,
    -5.149999999999999
  ],