{
  "episode": 50,
  "rewards": [
    -7.159999999999998,
    -10.219999999999997,
    -5.3399999999999945,
    -12.219999999999997,
    -6.189999999999998,
    -5.509999999999991,
    13.279999999999951,
    -3.2900000000000027,
    -6.509999999999991,
    -9.189999999999998,
    -10.129999999999999,
    -8.329999999999995,
    -11.289999999999996,
    -0.4599999999999973,
    -11.219999999999997,
    -11.239999999999997,
    -10.409999999999993,
    -0.41000000000001435,
    -5.3399999999999945,
    1.6099999999999781,
    -7.229999999999997,
    -8.299999999999995,
    -12.169999999999998,
    -1.5900000000000425,
    -2.3900000000000077,
    -5.299999999999995,
    -8.279999999999996,
    -12.329999999999995,
    -10.229999999999997,
    -11.389999999999993,
    -8.419999999999993,
    -13.47999999999999,
    3.549999999999983,
    -12.419999999999991,
    0.5899999999999785,
    -14.289999999999996,
    -6.419999999999993,
    -11.219999999999997,
    -8.279999999999996,
    -7.3399999999999945,
    -12.359999999999992,
    -6.2499999999999964,
    -4.279999999999996,
    -12.339999999999993,
    -1.2700000000000031,
    -8.279999999999996,
    3.4499999999999886,
    -12.349999999999994,
    -6.379999999999994,
    -3.4199999999999946
  ],
  "scores": [
    13,
    10,
    15,
    8,
    15,
    15,
    34,
    17,
    14,
    11,
    11,
    12,
    10,
    20,
    9,
    9,
    11,
    20,
    15,
    22,
    14,
    12,
    9,
    19,
    18,
    15,
    12,
    9,
    11,
    9,
    12,
    7,
    24,
    8,
    21,
    7,
    14,
    9,
    12,
    13,
    8,
    15,
    16,
    8,
    19,
    12,
    24,
    9,
    14,
    17
  ],
  "mean_reward_last_50": -6.7998,
  "mean_score_last_50": 13.76,
  "q_table_size": 218
}