{
  "episode": 100,
  "rewards": [
    -7.159999999999998,
    -10.219999999999997,
    -5.3399999999999945,
    -12.219999999999997,
    -6.189999999999998,
    -5.509999999999991,
    13.279999999999951,
    -3.2900000000000027,
    -6.509999999999991,
    -9.189999999999998,
    -10.129999999999999,
    -8.329999999999995,
    -11.289999999999996,
    -0.4599999999999973,
    -11.219999999999997,
    -11.239999999999997,
    -10.409999999999993,
    -0.41000000000001435,
    -5.3399999999999945,
    1.6099999999999781,
    -7.229999999999997,
    -8.299999999999995,
    -12.169999999999998,
    -1.5900000000000425,
    -2.3900000000000077,
    -5.299999999999995,
    -8.279999999999996,
    -12.329999999999995,
    -10.229999999999997,
    -11.389999999999993,
    -8.419999999999993,
    -13.47999999999999,
    3.549999999999983,
    -12.419999999999991,
    0.5899999999999785,
    -14.289999999999996,
    -6.419999999999993,
    -11.219999999999997,
    -8.279999999999996,
    -7.3399999999999945,
    -12.359999999999992,
    -6.2499999999999964,
    -4.279999999999996,
    -12.339999999999993,
    -1.2700000000000031,
    -8.279999999999996,
    3.4499999999999886,
    -12.349999999999994,
    -6.379999999999994,
    -3.4199999999999946,
    3.6399999999999864,
    -8.349999999999994,
    -6.219999999999997,
    -8.229999999999997,
    1.6599999999999895,
    -9.129999999999999,
    12.46999999999997,
    -0.390000000000029,
    -5.289999999999996,
    -7.259999999999996,
    -14.249999999999996,
    -6.219999999999997,
    -13.309999999999995,
    -2.330000000000023,
    -15.239999999999995,
    -10.219999999999997,
    6.399999999999988,
    -10.259999999999996,
    4.539999999999978,
    8.439999999999973,
    14.809999999999981,
    0.6599999999999824,
    -9.199999999999998,
    -1.3000000000000114,
    -11.429999999999993,
    -1.330000000000016,
    -7.359999999999994,
    -9.289999999999996,
    -5.459999999999992,
    -7.1999999999999975,
    -5.319999999999995,
    -1.2500000000000036,
    -6.189999999999998,
    -8.219999999999997,
    -2.5100000000000193,
    -3.3400000000000034,
    14.12999999999996,
    -3.3999999999999986,
    -10.199999999999998,
    -12.179999999999996,
    1.6999999999999886,
    -5.149999999999999,
    -10.279999999999996,
    -9.239999999999997,
    -0.2700000000000067,
    -7.149999999999999,
    -5.229999999999997,
    -6.159999999999998,
    3.5299999999999763,
    -11.249999999999996
  ],
  "scores": [
    13,
    10,
    15,
    8,
    15,
    15,
    34,
    17,
    14,
    11,
    11,
    12,
    10,
    20,
    9,
    9,
    11,
    20,
    15,
    22,
    14,
    12,
    9,
    19,
    18,
    15,
    12,
    9,
    11,
    9,
    12,
    7,
    24,
    8,
    21,
    7,
    14,
    9,
    12,
    13,
    8,
    15,
    16,
    8,
    19,
    12,
    24,
    9,
    14,
    17,
    24,
    12,
    14,
    13,
    22,
    12,
    33,
    20,
    15,
    13,
    6,
    14,
    8,
    18,
    5,
    10,
    27,
    10,
    25,
    29,
    36,
    21,
    11,
    19,
    9,
    19,
    13,
    11,
    15,
    13,
    15,
    20,
    15,
    12,
    18,
    17,
    35,
    17,
    10,
    8,
    22,
    16,
    10,
    11,
    21,
    13,
    15,
    14,
    24,
    9
  ],
  "mean_reward_last_50": -4.0926000000000045,
  "mean_score_last_50": 16.38,
  "q_table_size": 309
}