{
  "episode": 250,
  "rewards": [
    -9.209999999999997,
    0.6499999999999915,
    -9.149999999999999,
    -13.309999999999995,
    0.599999999999973,
    -6.3399999999999945,
    -10.189999999999998,
    -10.139999999999999,
    -6.419999999999993,
    -13.329999999999995,
    -7.419999999999993,
    -12.289999999999996,
    -12.199999999999996,
    -8.209999999999997,
    -9.459999999999992,
    -10.199999999999998,
    -11.189999999999998,
    -3.3299999999999947,
    -10.179999999999998,
    -5.349999999999994,
    -11.449999999999992,
    -10.12,
    -6.189999999999998,
    0.7399999999999949,
    -9.179999999999998,
    -4.379999999999994,
    -10.289999999999996,
    -5.309999999999995,
    -13.229999999999997,
    -4.2499999999999964,
    -11.129999999999999,
    -4.209999999999997,
    -7.229999999999997,
    -5.289999999999996,
    8.459999999999944,
    -9.139999999999999,
    -4.319999999999995,
    -7.309999999999995,
    -4.419999999999993,
    -11.219999999999997,
    -6.209999999999997,
    -6.259999999999996,
    -4.309999999999995,
    -14.239999999999995,
    -10.129999999999999,
    -6.259999999999996,
    -2.2300000000000004,
    18.099999999999966,
    -7.239999999999997,
    -2.310000000000006,
    1.499999999999993,
    -1.3100000000000058,
    2.619999999999987,
    -6.299999999999995,
    -7.219999999999997,
    -9.159999999999998,
    -7.419999999999993,
    -12.369999999999994,
    0.7199999999999847,
    0.6199999999999868,
    -4.429999999999993,
    -7.239999999999997,
    1.679999999999989,
    -8.139999999999999,
    -4.329999999999995,
    -2.280000000000001,
    12.349999999999966,
    -0.3200000000000145,
    6.499999999999961,
    -13.299999999999994,
    -9.169999999999998,
    -4.419999999999993,
    -5.259999999999996,
    -10.199999999999998,
    -10.129999999999999,
    -5.239999999999997,
    -10.219999999999997,
    -2.3500000000000014,
    -7.279999999999996,
    -7.169999999999998,
    -0.2700000000000138,
    -7.299999999999995,
    -5.1999999999999975,
    -9.179999999999998,
    -4.279999999999996,
    4.539999999999981,
    -7.189999999999998,
    -5.219999999999997,
    -11.229999999999997,
    -7.219999999999997,
    -10.12,
    10.429999999999957,
    -15.269999999999996,
    3.3799999999999493,
    -3.2900000000000027,
    -13.209999999999997,
    -2.1799999999999997,
    -0.27000000000001023,
    -7.309999999999995,
    -1.220000000000006,
    -4.239999999999997,
    -12.159999999999997,
    8.409999999999954,
    -2.1900000000000013,
    -7.169999999999998,
    -7.179999999999998,
    -1.5800000000000054,
    -11.199999999999998,
    -6.209999999999997,
    -4.309999999999995,
    -0.3300000000000054,
    -6.219999999999997,
    -12.189999999999998,
    -8.229999999999997,
    -13.559999999999988,
    -5.169999999999998,
    2.6699999999999804,
    -6.1999999999999975,
    -1.3600000000000065,
    1.409999999999961,
    -9.169999999999998,
    -3.240000000000002,
    -7.169999999999998,
    -10.259999999999996,
    -6.1999999999999975,
    -8.159999999999998,
    -3.350000000000012,
    0.5899999999999856,
    -8.149999999999999,
    10.269999999999914,
    -4.269999999999996,
    -8.139999999999999,
    -10.12,
    -8.309999999999995,
    -9.12,
    -8.149999999999999,
    -12.179999999999996,
    -3.359999999999996,
    -6.229999999999997,
    -10.219999999999997,
    -4.319999999999995,
    -5.2499999999999964,
    5.389999999999937,
    -11.11,
    -10.159999999999998,
    -3.269999999999996,
    -9.12,
    -9.179999999999998,
    30.650000000000077,
    -10.149999999999999,
    -6.219999999999997,
    -5.169999999999998,
    0.2399999999999345,
    -10.159999999999998,
    -6.189999999999998,
    -4.1999999999999975,
    -1.2700000000000067,
    -10.1,
    2.6399999999999935,
    -7.179999999999998,
    6.549999999999972,
    -5.289999999999996,
    -6.259999999999996,
    -7.259999999999996,
    -6.1999999999999975,
    -5.209999999999997,
    -5.229999999999997,
    -8.159999999999998,
    -6.1999999999999975,
    -9.189999999999998,
    -8.12,
    -12.139999999999997,
    -1.3100000000000058,
    -3.2100000000000044,
    -0.3300000000000125,
    -6.229999999999997,
    -2.389999999999997,
    6.679999999999978,
    -10.1,
    -8.229999999999997,
    -8.12,
    1.6099999999999888,
    -3.220000000000006,
    -10.259999999999996,
    -2.230000000000004,
    -6.229999999999997,
    -6.169999999999998,
    -4.2499999999999964,
    -8.179999999999998,
    5.589999999999968,
    -11.189999999999998,
    15.289999999999964,
    -2.3500000000000014,
    -11.189999999999998,
    -0.2100000000000044,
    -11.189999999999998,
    -7.129999999999999,
    3.529999999999969,
    13.420000000000009,
    -9.139999999999999,
    -9.129999999999999,
    -7.159999999999998,
    -8.12,
    -7.139999999999999,
    -10.12,
    1.5499999999999865,
    -9.12,
    -0.22000000000000597,
    -10.11,
    7.5399999999999565,
    7.5799999999999805,
    -5.299999999999995,
    8.389999999999937,
    -4.189999999999998,
    -9.169999999999998,
    -7.179999999999998,
    -10.129999999999999,
    11.10999999999989,
    5.429999999999968,
    10.309999999999942,
    2.699999999999985,
    -7.189999999999998,
    -9.189999999999998,
    6.479999999999976,
    -1.2200000000000024,
    3.6499999999999915,
    1.7599999999999945,
    -7.129999999999999,
    -3.2099999999999973,
    -3.259999999999998,
    -9.129999999999999,
    -6.169999999999998,
    -9.129999999999999,
    6.349999999999966,
    5.539999999999978,
    4.699999999999985,
    -15.229999999999997,
    -10.169999999999998,
    -4.179999999999998,
    -7.129999999999999,
    14.319999999999979,
    -4.289999999999996,
    3.5399999999999636,
    -0.4300000000000317,
    -7.129999999999999,
    -9.129999999999999,
    -10.11,
    3.6699999999999804,
    -8.12,
    -9.139999999999999
  ],
  "scores": [
    11,
    21,
    12,
    8,
    21,
    14,
    11,
    10,
    14,
    7,
    13,
    8,
    8,
    12,
    11,
    10,
    9,
    18,
    10,
    16,
    9,
    10,
    15,
    21,
    11,
    16,
    10,
    16,
    8,
    17,
    10,
    17,
    13,
    15,
    29,
    11,
    16,
    13,
    16,
    9,
    15,
    14,
    17,
    6,
    11,
    14,
    19,
    39,
    13,
    18,
    22,
    20,
    23,
    14,
    13,
    11,
    13,
    9,
    21,
    21,
    16,
    13,
    22,
    12,
    16,
    18,
    33,
    20,
    27,
    7,
    11,
    16,
    15,
    10,
    11,
    15,
    10,
    18,
    13,
    14,
    21,
    13,
    15,
    11,
    16,
    25,
    14,
    15,
    10,
    13,
    10,
    31,
    6,
    24,
    17,
    7,
    18,
    20,
    13,
    19,
    16,
    8,
    30,
    19,
    14,
    13,
    19,
    9,
    14,
    16,
    20,
    14,
    8,
    12,
    7,
    16,
    23,
    14,
    19,
    22,
    12,
    17,
    13,
    10,
    14,
    12,
    17,
    21,
    13,
    31,
    16,
    12,
    10,
    12,
    11,
    12,
    8,
    17,
    14,
    10,
    16,
    15,
    26,
    10,
    10,
    17,
    11,
    11,
    52,
    11,
    14,
    16,
    21,
    10,
    15,
    16,
    19,
    10,
    23,
    13,
    28,
    16,
    14,
    13,
    14,
    15,
    15,
    12,
    14,
    11,
    12,
    8,
    19,
    18,
    21,
    14,
    18,
    27,
    10,
    12,
    12,
    22,
    17,
    10,
    18,
    14,
    15,
    17,
    12,
    26,
    9,
    36,
    18,
    9,
    21,
    9,
    14,
    24,
    34,
    11,
    12,
    13,
    12,
    13,
    10,
    22,
    11,
    20,
    11,
    28,
    28,
    15,
    29,
    16,
    11,
    13,
    11,
    32,
    26,
    31,
    23,
    13,
    12,
    27,
    19,
    24,
    22,
    14,
    17,
    17,
    12,
    15,
    12,
    27,
    26,
    25,
    6,
    11,
    16,
    14,
    35,
    16,
    24,
    21,
    13,
    12,
    11,
    24,
    12,
    11
  ],
  "mean_reward_last_50": -2.663200000000011,
  "mean_score_last_50": 17.9
}