{
  "episode": 50,
  "rewards": [
    -9.209999999999997,
    0.6499999999999915,
    -9.149999999999999,
    -13.309999999999995,
    0.599999999999973,
    -6.3399999999999945,
    -10.189999999999998,
    -10.139999999999999,
    -6.419999999999993,
    -13.329999999999995,
    -7.419999999999993,
    -12.289999999999996,
    -12.199999999999996,
    -8.209999999999997,
    -9.459999999999992,
    -10.199999999999998,
    -11.189999999999998,
    -3.3299999999999947,
    -10.179999999999998,
    -5.349999999999994,
    -11.449999999999992,
    -10.12,
    -6.189999999999998,
    0.7399999999999949,
    -9.179999999999998,
    -4.379999999999994,
    -10.289999999999996,
    -5.309999999999995,
    -13.229999999999997,
    -4.2499999999999964,
    -11.129999999999999,
    -4.209999999999997,
    -7.229999999999997,
    -5.289999999999996,
    8.459999999999944,
    -9.139999999999999,
    -4.319999999999995,
    -7.309999999999995,
    -4.419999999999993,
    -11.219999999999997,
    -6.209999999999997,
    -6.259999999999996,
    -4.309999999999995,
    -14.239999999999995,
    -10.129999999999999,
    -6.259999999999996,
    -2.2300000000000004,
    18.099999999999966,
    -7.239999999999997,
    -2.310000000000006
  ],
  "scores": [
    11,
    21,
    12,
    8,
    21,
    14,
    11,
    10,
    14,
    7,
    13,
    8,
    8,
    12,
    11,
    10,
    9,
    18,
    10,
    16,
    9,
    10,
    15,
    21,
    11,
    16,
    10,
    16,
    8,
    17,
    10,
    17,
    13,
    15,
    29,
    11,
    16,
    13,
    16,
    9,
    15,
    14,
    17,
    6,
    11,
    14,
    19,
    39,
    13,
    18
  ],
  "mean_reward_last_50": -6.744599999999999,
  "mean_score_last_50": 13.84
}