{
  "episode": 100,
  "rewards": [
    -9.209999999999997,
    0.6499999999999915,
    -9.149999999999999,
    -13.309999999999995,
    0.599999999999973,
    -6.3399999999999945,
    -10.189999999999998,
    -10.139999999999999,
    -6.419999999999993,
    -13.329999999999995,
    -7.419999999999993,
    -12.289999999999996,
    -12.199999999999996,
    -8.209999999999997,
    -9.459999999999992,
    -10.199999999999998,
    -11.189999999999998,
    -3.3299999999999947,
    -10.179999999999998,
    -5.349999999999994,
    -11.449999999999992,
    -10.12,
    -6.189999999999998,
    0.7399999999999949,
    -9.179999999999998,
    -4.379999999999994,
    -10.289999999999996,
    -5.309999999999995,
    -13.229999999999997,
    -4.2499999999999964,
    -11.129999999999999,
    -4.209999999999997,
    -7.229999999999997,
    -5.289999999999996,
    8.459999999999944,
    -9.139999999999999,
    -4.319999999999995,
    -7.309999999999995,
    -4.419999999999993,
    -11.219999999999997,
    -6.209999999999997,
    -6.259999999999996,
    -4.309999999999995,
    -14.239999999999995,
    -10.129999999999999,
    -6.259999999999996,
    -2.2300000000000004,
    18.099999999999966,
    -7.239999999999997,
    -2.310000000000006,
    1.499999999999993,
    -1.3100000000000058,
    2.619999999999987,
    -6.299999999999995,
    -7.219999999999997,
    -9.159999999999998,
    -7.419999999999993,
    -12.369999999999994,
    0.7199999999999847,
    0.6199999999999868,
    -4.429999999999993,
    -7.239999999999997,
    1.679999999999989,
    -8.139999999999999,
    -4.329999999999995,
    -2.280000000000001,
    12.349999999999966,
    -0.3200000000000145,
    6.499999999999961,
    -13.299999999999994,
    -9.169999999999998,
    -4.419999999999993,
    -5.259999999999996,
    -10.199999999999998,
    -10.129999999999999,
    -5.239999999999997,
    -10.219999999999997,
    -2.3500000000000014,
    -7.279999999999996,
    -7.169999999999998,
    -0.2700000000000138,
    -7.299999999999995,
    -5.1999999999999975,
    -9.179999999999998,
    -4.279999999999996,
    4.539999999999981,
    -7.189999999999998,
    -5.219999999999997,
    -11.229999999999997,
    -7.219999999999997,
    -10.12,
    10.429999999999957,
    -15.269999999999996,
    3.3799999999999493,
    -3.2900000000000027,
    -13.209999999999997,
    -2.1799999999999997,
    -0.27000000000001023,
    -7.309999999999995,
    -1.220000000000006
  ],
  "scores": [
    11,
    21,
    12,
    8,
    21,
    14,
    11,
    10,
    14,
    7,
    13,
    8,
    8,
    12,
    11,
    10,
    9,
    18,
    10,
    16,
    9,
    10,
    15,
    21,
    11,
    16,
    10,
    16,
    8,
    17,
    10,
    17,
    13,
    15,
    29,
    11,
    16,
    13,
    16,
    9,
    15,
    14,
    17,
    6,
    11,
    14,
    19,
    39,
    13,
    18,
    22,
    20,
    23,
    14,
    13,
    11,
    13,
    9,
    21,
    21,
    16,
    13,
    22,
    12,
    16,
    18,
    33,
    20,
    27,
    7,
    11,
    16,
    15,
    10,
    11,
    15,
    10,
    18,
    13,
    14,
    21,
    13,
    15,
    11,
    16,
    25,
    14,
    15,
    10,
    13,
    10,
    31,
    6,
    24,
    17,
    7,
    18,
    20,
    13,
    19
  ],
  "mean_reward_last_50": -4.417600000000004,
  "mean_score_last_50": 16.04
}