{
  "rewards": [
    -3.269999999999996,
    -3.500000000000007,
    0.30999999999995964,
    -1.6300000000000097,
    -11.479999999999992,
    -7.279999999999996,
    -6.509999999999991,
    -10.159999999999998,
    -11.239999999999997,
    -2.379999999999999,
    -4.369999999999994,
    -9.169999999999998,
    -13.239999999999995,
    -8.299999999999995,
    8.349999999999962,
    7.0899999999999,
    -11.189999999999998,
    7.339999999999947,
    8.469999999999963,
    -11.149999999999999,
    -11.189999999999998,
    2.319999999999947,
    -9.329999999999995,
    -8.229999999999997,
    -0.3800000000000203,
    -6.299999999999995,
    -8.249999999999996,
    -6.1999999999999975,
    14.399999999999956,
    -5.219999999999997,
    -12.239999999999995,
    -2.340000000000007,
    -6.269999999999996,
    -13.289999999999996,
    -10.169999999999998,
    -1.5300000000000225,
    -11.259999999999996,
    -2.4900000000000126,
    -14.279999999999994,
    -5.219999999999997,
    -3.25,
    -0.3300000000000054,
    -3.3299999999999947,
    0.4499999999999922,
    -10.369999999999994,
    6.30999999999996,
    -7.259999999999996,
    -4.319999999999995,
    -8.169999999999998,
    -12.329999999999995
  ],
  "scores": [
    18,
    17,
    21,
    19,
    9,
    13,
    14,
    10,
    9,
    18,
    16,
    12,
    7,
    12,
    29,
    28,
    10,
    28,
    29,
    9,
    10,
    23,
    11,
    12,
    20,
    14,
    13,
    14,
    35,
    15,
    8,
    18,
    15,
    7,
    11,
    19,
    9,
    18,
    6,
    15,
    17,
    21,
    18,
    21,
    10,
    27,
    13,
    16,
    12,
    8
  ],
  "mean_reward": -4.8676000000000075,
  "mean_score": 15.68
}