{
  "episode": 50,
  "rewards": [
    -12.229999999999997,
    -0.6500000000000163,
    -9.229999999999997,
    1.3899999999999686,
    -15.299999999999995,
    -6.269999999999996,
    -5.279999999999996,
    -7.219999999999997,
    -5.3899999999999935,
    -0.49000000000000554,
    -9.159999999999998,
    -7.2499999999999964,
    -0.5000000000000178,
    -10.179999999999998,
    -6.369999999999994,
    -9.219999999999997,
    -3.3200000000000003,
    6.4899999999999665,
    -14.229999999999997,
    -10.369999999999994,
    -8.279999999999996,
    1.5599999999999739,
    -14.199999999999996,
    -10.149999999999999,
    -4.179999999999998,
    -4.56999999999999,
    -8.329999999999995,
    -12.339999999999993,
    -10.339999999999995,
    9.42999999999995,
    -7.279999999999996,
    -5.349999999999994,
    10.269999999999943,
    -8.299999999999995,
    -3.369999999999994,
    -5.359999999999994,
    -2.200000000000003,
    -9.189999999999998,
    -5.349999999999994,
    -5.149999999999999,
    2.649999999999995,
    -3.259999999999998,
    -10.149999999999999,
    0.6399999999999828,
    -11.129999999999999,
    -6.229999999999997,
    -1.2900000000000098,
    -8.179999999999998,
    -2.350000000000005,
    -12.289999999999996
  ],
  "scores": [
    8,
    20,
    12,
    22,
    5,
    14,
    15,
    13,
    15,
    20,
    11,
    13,
    20,
    10,
    14,
    11,
    17,
    27,
    7,
    10,
    12,
    22,
    6,
    11,
    16,
    16,
    13,
    8,
    10,
    31,
    13,
    15,
    31,
    12,
    17,
    15,
    18,
    11,
    16,
    16,
    24,
    17,
    11,
    21,
    10,
    14,
    19,
    12,
    18,
    8
  ],
  "mean_reward_last_50": -5.581000000000002,
  "mean_score_last_50": 14.94
}