{
  "episode": 200,
  "rewards": [
    -12.229999999999997,
    -0.6500000000000163,
    -9.229999999999997,
    1.3899999999999686,
    -15.299999999999995,
    -6.269999999999996,
    -5.279999999999996,
    -7.219999999999997,
    -5.3899999999999935,
    -0.49000000000000554,
    -9.159999999999998,
    -7.2499999999999964,
    -0.5000000000000178,
    -10.179999999999998,
    -6.369999999999994,
    -9.219999999999997,
    -3.3200000000000003,
    6.4899999999999665,
    -14.229999999999997,
    -10.369999999999994,
    -8.279999999999996,
    1.5599999999999739,
    -14.199999999999996,
    -10.149999999999999,
    -4.179999999999998,
    -4.56999999999999,
    -8.329999999999995,
    -12.339999999999993,
    -10.339999999999995,
    9.42999999999995,
    -7.279999999999996,
    -5.349999999999994,
    10.269999999999943,
    -8.299999999999995,
    -3.369999999999994,
    -5.359999999999994,
    -2.200000000000003,
    -9.189999999999998,
    -5.349999999999994,
    -5.149999999999999,
    2.649999999999995,
    -3.259999999999998,
    -10.149999999999999,
    0.6399999999999828,
    -11.129999999999999,
    -6.229999999999997,
    -1.2900000000000098,
    -8.179999999999998,
    -2.350000000000005,
    -12.289999999999996,
    -1.230000000000004,
    -1.410000000000025,
    -9.259999999999996,
    -7.229999999999997,
    -7.279999999999996,
    -8.189999999999998,
    -13.279999999999994,
    -5.349999999999994,
    -0.35000000000001563,
    -10.239999999999997,
    -8.12,
    -1.240000000000002,
    -2.2700000000000067,
    4.369999999999973,
    -2.2800000000000153,
    -3.350000000000019,
    9.38999999999994,
    -5.179999999999998,
    -10.12,
    -9.269999999999996,
    -8.219999999999997,
    12.32999999999997,
    -5.229999999999997,
    -14.389999999999993,
    -11.359999999999994,
    -4.209999999999997,
    0.569999999999979,
    -0.4300000000000246,
    2.4999999999999716,
    -10.159999999999998,
    -10.139999999999999,
    -0.3600000000000101,
    -6.179999999999998,
    -5.3399999999999945,
    -7.449999999999992,
    -3.1999999999999993,
    -11.199999999999998,
    3.6199999999999797,
    -1.1900000000000013,
    -12.169999999999998,
    9.189999999999902,
    14.549999999999983,
    -3.5699999999999967,
    -10.139999999999999,
    -11.129999999999999,
    -7.179999999999998,
    -9.159999999999998,
    9.40999999999994,
    -10.159999999999998,
    -0.23000000000000398,
    -6.169999999999998,
    3.549999999999958,
    3.68999999999998,
    -9.179999999999998,
    -5.409999999999993,
    -2.34,
    9.509999999999962,
    -5.309999999999995,
    9.399999999999963,
    -5.319999999999995,
    -6.229999999999997,
    -7.159999999999998,
    -5.209999999999997,
    -2.3200000000000003,
    14.389999999999958,
    -2.3099999999999987,
    1.5999999999999837,
    -0.4100000000000179,
    7.50999999999998,
    0.7699999999999925,
    -5.299999999999995,
    -6.149999999999999,
    -3.1900000000000013,
    9.509999999999952,
    -8.179999999999998,
    -9.129999999999999,
    -11.11,
    -2.3099999999999987,
    -4.259999999999996,
    -7.129999999999999,
    -11.169999999999998,
    4.609999999999971,
    -4.259999999999996,
    -11.169999999999998,
    -8.149999999999999,
    26.83000000000009,
    -11.159999999999998,
    -8.169999999999998,
    -2.259999999999998,
    2.44999999999996,
    2.6499999999999737,
    -6.259999999999996,
    -6.209999999999997,
    -2.240000000000002,
    -6.179999999999998,
    -2.2600000000000087,
    2.679999999999982,
    -9.169999999999998,
    1.7299999999999862,
    0.6499999999999808,
    -8.309999999999995,
    -0.3400000000000105,
    -2.1900000000000013,
    -7.219999999999997,
    -9.129999999999999,
    2.339999999999943,
    -9.139999999999999,
    10.439999999999944,
    5.529999999999976,
    -12.159999999999997,
    5.609999999999978,
    -4.269999999999996,
    -1.2900000000000134,
    0.6899999999999835,
    -10.12,
    -3.219999999999999,
    0.7899999999999956,
    2.689999999999987,
    -10.149999999999999,
    -9.239999999999997,
    -1.230000000000004,
    1.5799999999999734,
    9.179999999999929,
    -8.12,
    -7.489999999999991,
    -0.31000000000001293,
    7.569999999999968,
    -10.12,
    -8.169999999999998,
    -2.260000000000005,
    -1.2900000000000134,
    2.699999999999985,
    0.7399999999999949,
    19.130000000000052,
    -6.209999999999997,
    1.7299999999999933,
    -10.12,
    -11.129999999999999,
    15.43,
    -4.219999999999997,
    -0.3000000000000149,
    -6.1999999999999975,
    -11.199999999999998,
    -2.3399999999999963,
    0.6499999999999808,
    6.469999999999974,
    -2.2500000000000036,
    -7.149999999999999,
    6.549999999999958,
    -7.129999999999999
  ],
  "scores": [
    8,
    20,
    12,
    22,
    5,
    14,
    15,
    13,
    15,
    20,
    11,
    13,
    20,
    10,
    14,
    11,
    17,
    27,
    7,
    10,
    12,
    22,
    6,
    11,
    16,
    16,
    13,
    8,
    10,
    31,
    13,
    15,
    31,
    12,
    17,
    15,
    18,
    11,
    16,
    16,
    24,
    17,
    11,
    21,
    10,
    14,
    19,
    12,
    18,
    8,
    19,
    19,
    11,
    14,
    13,
    13,
    7,
    15,
    20,
    10,
    12,
    19,
    18,
    25,
    18,
    17,
    30,
    15,
    10,
    12,
    12,
    33,
    16,
    7,
    9,
    16,
    21,
    20,
    23,
    10,
    10,
    20,
    14,
    15,
    14,
    17,
    9,
    24,
    20,
    9,
    30,
    35,
    17,
    10,
    10,
    13,
    11,
    30,
    10,
    20,
    14,
    24,
    24,
    11,
    15,
    18,
    30,
    15,
    30,
    15,
    14,
    13,
    16,
    18,
    35,
    18,
    22,
    20,
    28,
    22,
    15,
    14,
    17,
    30,
    12,
    12,
    10,
    18,
    16,
    13,
    9,
    25,
    16,
    10,
    12,
    48,
    9,
    13,
    18,
    23,
    23,
    14,
    15,
    18,
    14,
    18,
    23,
    11,
    23,
    21,
    12,
    20,
    19,
    13,
    12,
    23,
    11,
    31,
    26,
    8,
    27,
    16,
    19,
    21,
    10,
    17,
    22,
    24,
    10,
    11,
    19,
    22,
    30,
    12,
    14,
    20,
    28,
    10,
    13,
    18,
    19,
    23,
    21,
    41,
    14,
    22,
    10,
    10,
    36,
    16,
    20,
    14,
    9,
    18,
    21,
    27,
    18,
    13,
    27,
    14
  ],
  "mean_reward_last_50": -1.8840000000000083,
  "mean_score_last_50": 18.62
}